"case_id","family","group","task","target","k","sigma","center","vectors","seed","sweep","sweep_value","m","n","nnz","storage","generalized","description","fingerprint","reference_source","reference_crosscheck","reference_backward_error","reference_ambiguous","reference_seconds","norm2","norm2_source","normB"
"sym_sparse_n20000_LA_k10","sym_sparse","core","sym","LA",10,NA,FALSE,TRUE,101,NA,NA,20000,20000,99998,"sparse",FALSE,"random sparse symmetric, n=20000, ~5 nnz/row, N(0,1) values","20000x20000-nnz99998-s-2.801487400068e+02-a7.941643738001e+04","certified iterative: RSpectra(k=30, tol=1e-13), independent backward error 1.6e-14; candidates RSpectra(k=20, tol=1e-13) (bwd 7.4e-15), RSpectra(k=30, tol=1e-13) (bwd 1.6e-14), eigencore(k=20, tol=1e-12) (bwd 6.5e-13); max top-k disagreement 1.6e-14",1.6129171549207e-14,1.60638262593331e-14,FALSE,4.52962684631348,6.6395670368387,"Golub-Kahan-Lanczos (44 steps, full reorth.)",1
"sym_sparse_n20000_SA_k10","sym_sparse","core","sym","SA",10,NA,FALSE,TRUE,101,NA,NA,20000,20000,99998,"sparse",FALSE,"random sparse symmetric, n=20000, ~5 nnz/row, N(0,1) values","20000x20000-nnz99998-s-2.801487400068e+02-a7.941643738001e+04","certified iterative: RSpectra(k=30, tol=1e-13), independent backward error 1.2e-14; candidates RSpectra(k=20, tol=1e-13) (bwd 6.7e-15), RSpectra(k=30, tol=1e-13) (bwd 1.2e-14), eigencore(k=20, tol=1e-12) (bwd 6.5e-13); max top-k disagreement 9.9e-15",9.88195911586945e-15,1.22720166495958e-14,FALSE,4.16101217269897,6.6395670368387,"Golub-Kahan-Lanczos (44 steps, full reorth.)",1
"nonsym_sparse_n20000_LM_k6","nonsym_sparse","core","nonsym","LM",6,NA,FALSE,TRUE,102,NA,NA,20000,20000,1e+05,"sparse",FALSE,"random sparse nonsymmetric, n=20000, ~5 nnz/row, N(0,1) values","20000x20000-nnz100000-s4.743549532300e+02-a7.969728126277e+04","certified iterative: RSpectra(k=16, tol=1e-13), independent backward error 9.4e-14; candidates RSpectra(k=16, tol=1e-13) (bwd 9.4e-14), RSpectra(k=26, tol=1e-13) (bwd 2.1e-14), eigencore(k=16, tol=1e-12) (bwd 2.4e-13); max top-k disagreement 3.8e-01",0.378165988532375,9.38826433424466e-14,FALSE,27.2239792346954,6.20315399016368,"Golub-Kahan-Lanczos (60 steps, full reorth.)",1
"svd_sparse_50000x2000_k20","svd_sparse","core","svd","top",20,NA,FALSE,TRUE,103,NA,NA,50000,2000,2e+05,"sparse",FALSE,"random sparse 50000 x 2000, density 0.002, N(0,1) values","50000x2000-nnz200000-s-1.045343608137e+03-a1.595631701819e+05","dense LAPACK eigen() of the Gram matrix (top singular values)",NA,NA,FALSE,0.913689136505127,13.1084662726983,"exact (dense Gram eigen)",1
"svd_sparse_50000x20000_k20","svd_sparse","core","svd","top",20,NA,FALSE,TRUE,104,NA,NA,50000,20000,5e+05,"sparse",FALSE,"random sparse 50000 x 20000, density 0.0005, N(0,1) values","50000x20000-nnz500000-s-3.180654710713e+02-a3.991330127748e+05","certified iterative: RSpectra(k=30, tol=1e-13), independent backward error 4.6e-14; candidates RSpectra(k=30, tol=1e-13) (bwd 4.6e-14), RSpectra(k=40, tol=1e-13) (bwd 2.4e-14), eigencore(k=30, tol=1e-12) (bwd 8.9e-13); max top-k disagreement 8.4e-15",8.44034280483076e-15,4.57318884029963e-14,FALSE,13.7247366905212,9.82675258176556,"Golub-Kahan-Lanczos (36 steps, full reorth.)",1
"dense_sym_n1500_LA_k10","dense_sym","core","sym","LA",10,NA,FALSE,TRUE,105,NA,NA,1500,1500,2250000,"dense",FALSE,"dense symmetric crossprod(X)/n, X 1500 x 1500 N(0,1)","1500x1500-nnz2250000-s1.475571410233e+03-a4.779792086675e+04","dense LAPACK eigen()",NA,NA,FALSE,0.368494033813477,3.93220022781093,"exact (dense eigen)",1
"eig_full_n1500_vectors","eig_full","core","full","all",1500,NA,FALSE,TRUE,105,NA,NA,1500,1500,2250000,"dense",FALSE,"dense symmetric crossprod(X)/n, X 1500 x 1500 N(0,1)","1500x1500-nnz2250000-s1.475571410233e+03-a4.779792086675e+04","dense LAPACK eigen()",NA,NA,FALSE,0.374399423599243,3.93220022781093,"exact (dense eigen)",1
"eig_full_n1500_values","eig_full","core","full","all",1500,NA,FALSE,FALSE,105,NA,NA,1500,1500,2250000,"dense",FALSE,"dense symmetric crossprod(X)/n, X 1500 x 1500 N(0,1)","1500x1500-nnz2250000-s1.475571410233e+03-a4.779792086675e+04","dense LAPACK eigen()",NA,NA,FALSE,0.356548547744751,3.93220022781093,"exact (dense eigen)",1
"shift_invert_lap2d_g100_sigma4.01_k6","shift_invert","core","sym","near",6,4.01,FALSE,TRUE,106,NA,NA,10000,10000,49600,"sparse",FALSE,"2-D 5-point Dirichlet Laplacian, 100 x 100 grid (n=10000); analytic spectrum, repeated eigenvalues","10000x10000-nnz49600-s4.000000000000e+02-a7.960000000000e+04","analytic spectrum",NA,NA,FALSE,0.000908613204956055,7.99806512916795,"exact (analytic spectrum)",1
"generalized_fem2d_g50_SA_k6","generalized","core","gen","SA",6,NA,FALSE,TRUE,107,NA,NA,2500,2500,21904,"sparse",TRUE,"generalized SPD FEM pencil (Q1 stiffness/mass), 50 x 50 grid (n=2500); analytic spectrum","2500x2500-nnz21904-s1.986666666667e+02-a1.313466666667e+04","analytic spectrum",NA,NA,FALSE,0.28854775428772,3.99494699703785,"Golub-Kahan-Lanczos (80 steps, full reorth.)",0.998735952177647
"pca_centered_50000x1000_k10","pca","core","svd","top",10,NA,TRUE,TRUE,108,NA,NA,50000,1000,5e+05,"sparse",FALSE,"random sparse 50000 x 1000, density 0.01, Exp(1) values","50000x1000-nnz500000-s4.997486569261e+05-a4.997486569261e+05","dense LAPACK eigen() of the Gram matrix (top singular values)",NA,NA,FALSE,0.209975481033325,38.3069218033991,"exact (dense Gram eigen)",1
"banded_lap1d_n20000_SA_k8","banded","core","sym","SA",8,NA,FALSE,TRUE,109,NA,NA,20000,20000,59998,"sparse",FALSE,"1-D Dirichlet Laplacian (tridiagonal), n=20000; analytic spectrum","20000x20000-nnz59998-s2.000000000000e+00-a7.999800000000e+04","analytic spectrum",NA,NA,FALSE,0.000603914260864258,3.99999997532846,"exact (analytic spectrum)",1
"laplacian2d_g150_SA_k10","laplacian2d","core","sym","SA",10,NA,FALSE,TRUE,110,NA,NA,22500,22500,111900,"sparse",FALSE,"2-D 5-point Dirichlet Laplacian, 150 x 150 grid (n=22500); analytic spectrum, repeated eigenvalues","22500x22500-nnz111900-s6.000000000000e+02-a1.794000000000e+05","analytic spectrum",NA,NA,FALSE,0.00152587890625,7.99913431442529,"exact (analytic spectrum)",1
"powerlaw_dense_n2000_LA_k10","powerlaw","core","sym","LA",10,NA,FALSE,TRUE,111,NA,NA,2000,2000,4e+06,"dense",FALSE,"dense symmetric Q diag(j^-1) Q', n=2000; analytic spectrum","2000x2000-nnz4000000-s9.347190681050e+00-a1.856518401707e+03","analytic spectrum",NA,NA,FALSE,0.0490329265594482,1,"exact (analytic spectrum)",1
"clustered_dense_n2000_LA_k10","clustered","core","sym","LA",10,NA,FALSE,TRUE,112,NA,NA,2000,2000,4e+06,"dense",FALSE,"dense symmetric, n=2000, top spectrum 1 (x3), 1-1e-6..3e-6, 0.9 (x2), 0.85, 0.8, bulk U(0,0.7); analytic","2000x2000-nnz4000000-s7.031042481433e+02-a1.545297744911e+04","analytic spectrum",NA,NA,FALSE,0.0468230247497559,1,"exact (analytic spectrum)",1
"lowrank_noise_5000x500_k10","lowrank","core","svd","top",10,NA,FALSE,TRUE,113,NA,NA,5000,500,2500000,"dense",FALSE,"dense 5000 x 500, rank-12 signal (s = 10..0.83) + 0.01 N(0,1) noise","5000x500-nnz2500000-s-2.513276089837e+01-a3.294767144156e+04","dense LAPACK eigen() of the Gram matrix (top singular values)",NA,NA,FALSE,0.078542947769165,10.0335144610122,"exact (dense Gram eigen)",1
