"run_id","profile","case_id","family","group","task","target","k","sweep","sweep_value","method","threads","status","message","call","method_label","reps_timed","time_median","time_min","time_max","time_first","times","matvecs","matvec_source","ec_operator_columns","ec_adjoint_columns","ec_cert_columns","iterations","returned_k","target_ok","target_tau","value_err","value_rel_err","max_residual","max_backward_error","max_left_residual","orthogonality_loss","eigencore_certified","eigencore_own_backward_error","rss_peak_mb","r_heap_peak_mb","load1_start","load1_end","warnings"
"20261009-3d7cb0dd-standard","standard","sym_sparse_n20000_LA_k10","sym_sparse","core","sym","LA",10,NA,NA,"eigencore",1,"ok",NA,"eig_partial(A, k=10, target=largest(), tol=1e-08, seed=101)","native scalar thick-restart Hermitian Lanczos",5,0.278114318847656,0.266051530838013,0.302194356918335,0.300381660461426,"0.2661;0.2781;0.2781;0.2743;0.3022",268,"eigencore work(): operator_columns + adjoint_columns",268,0,72,246,10,TRUE,1e-06,1.69743683116109e-14,3.58503476751943e-14,1.20035910131755e-07,9.33215018756252e-09,NA,3.44703784830105e-15,TRUE,9.33225360260016e-09,0,46.1,1.71,1.65,NA
"20261009-3d7cb0dd-standard","standard","sym_sparse_n20000_LA_k10","sym_sparse","core","sym","LA",10,NA,NA,"RSpectra",1,"ok",NA,"eigs_sym(A, k=10, which=""LA"", opts=list(tol=1e-08, maxitr=1000))","eigs_sym",5,0.218599796295166,0.19549560546875,0.242036581039429,0.198466539382935,"0.2163;0.2186;0.2261;0.2420;0.1955",230,"RSpectra nops",NA,NA,NA,28,10,TRUE,1e-06,1.61996046127407e-14,3.42140247522601e-14,2.98005348111918e-08,2.3903756367181e-09,NA,1.04360964314765e-14,NA,NA,0,1.70000000000002,1.65,1.6,NA
"20261009-3d7cb0dd-standard","standard","sym_sparse_n20000_LA_k10","sym_sparse","core","sym","LA",10,NA,NA,"base",1,"skipped","dense eigen() skipped: n=20000 > 4000",NA,NA,NA,NA,NA,NA,NA,NA,NA,NA,NA,NA,NA,NA,NA,NA,NA,NA,NA,NA,NA,NA,NA,NA,NA,NA,NA,NA,NA,NA
"20261009-3d7cb0dd-standard","standard","sym_sparse_n20000_SA_k10","sym_sparse","core","sym","SA",10,NA,NA,"eigencore",1,"ok",NA,"eig_partial(A, k=10, target=smallest(), tol=1e-08, seed=101)","native scalar thick-restart Hermitian Lanczos",5,0.375176429748535,0.353283166885376,0.468573331832886,0.309222936630249,"0.3533;0.4686;0.3727;0.3886;0.3752",348,"eigencore work(): operator_columns + adjoint_columns",348,0,92,324,10,TRUE,1e-06,1.00922135651433e-14,2.11984863044793e-14,7.90269913424509e-08,6.25884784853967e-09,NA,2.74652021333983e-15,TRUE,6.25884784853969e-09,0,30.7,1.55,1.55,NA
"20261009-3d7cb0dd-standard","standard","sym_sparse_n20000_SA_k10","sym_sparse","core","sym","SA",10,NA,NA,"RSpectra",1,"ok",NA,"eigs_sym(A, k=10, which=""SA"", opts=list(tol=1e-08, maxitr=1000))","eigs_sym",5,0.205698490142822,0.201474905014038,0.21579647064209,0.220166206359863,"0.2057;0.2015;0.2158;0.2055;0.2078",236,"RSpectra nops",NA,NA,NA,29,10,TRUE,1e-06,7.39549553190366e-15,1.56195525182562e-14,5.54308335730843e-08,4.44624877138807e-09,NA,1.28785870856518e-14,NA,NA,0.01171875,1.5,1.55,1.51,NA
"20261009-3d7cb0dd-standard","standard","sym_sparse_n20000_SA_k10","sym_sparse","core","sym","SA",10,NA,NA,"base",1,"skipped","dense eigen() skipped: n=20000 > 4000",NA,NA,NA,NA,NA,NA,NA,NA,NA,NA,NA,NA,NA,NA,NA,NA,NA,NA,NA,NA,NA,NA,NA,NA,NA,NA,NA,NA,NA,NA
"20261009-3d7cb0dd-standard","standard","nonsym_sparse_n20000_LM_k6","nonsym_sparse","core","nonsym","LM",6,NA,NA,"eigencore",1,"ok",NA,"eig_partial(A, k=6, target=largest_magnitude(), tol=1e-08, seed=102, left_vectors=""none"")","native Arnoldi cycle + native refined Ritz extraction (V2 tranche)",5,4.75365972518921,4.37923216819763,5.38948178291321,4.46344184875488,"4.3903;4.3792;4.8297;4.7537;5.3895",6576,"eigencore work(): operator_columns + adjoint_columns",6576,0,12,546,6,FALSE,1e-06,7.38122939131336e-11,2.7938375796117e-10,2.21499296725422e-08,2.62737137142257e-09,NA,NA,TRUE,2.79498409509919e-09,0,71.6,1.54,1.88,NA
"20261009-3d7cb0dd-standard","standard","nonsym_sparse_n20000_LM_k6","nonsym_sparse","core","nonsym","LM",6,NA,NA,"RSpectra",1,"ok",NA,"eigs(A, k=6, which=""LM"", opts=list(tol=1e-08, maxitr=1000))","eigs",5,2.51320195198059,2.21150994300842,2.66433691978455,2.35289669036865,"2.6643;2.6133;2.5132;2.4682;2.2115",3947,"RSpectra nops",NA,NA,NA,310,6,FALSE,1e-06,0.0819701146119018,0.310081582912689,2.21335343445472e-08,2.62676417905931e-09,NA,NA,NA,NA,0,2.00000000000001,1.88,1.98,NA
"20261009-3d7cb0dd-standard","standard","nonsym_sparse_n20000_LM_k6","nonsym_sparse","core","nonsym","LM",6,NA,NA,"base",1,"skipped","dense eigen() skipped: n=20000 > 2000",NA,NA,NA,NA,NA,NA,NA,NA,NA,NA,NA,NA,NA,NA,NA,NA,NA,NA,NA,NA,NA,NA,NA,NA,NA,NA,NA,NA,NA,NA
"20261009-3d7cb0dd-standard","standard","svd_sparse_50000x2000_k20","svd_sparse","core","svd","top",20,NA,NA,"eigencore",1,"ok",NA,"svd_partial(A, rank=20, tol=1e-08, seed=103)","native certified implicit Gram SVD (thick-restart Lanczos)",5,0.195378541946411,0.170441389083862,0.21721625328064,0.222862720489502,"0.2069;0.1817;0.1954;0.1704;0.2172",NA,"eigencore work() incomplete (legacy_matvecs=456)",NA,NA,40,226,20,TRUE,1e-06,3.32067971779276e-15,6.78400983560575e-15,1.0823246163823e-08,8.25668383979076e-10,1.08232461638226e-08,1.53128582838953e-10,TRUE,8.25668383987091e-10,0,43,1.9,1.9,NA
"20261009-3d7cb0dd-standard","standard","svd_sparse_50000x2000_k20","svd_sparse","core","svd","top",20,NA,NA,"RSpectra",1,"ok",NA,"svds(A, k=20, opts=list(tol=1e-08, maxitr=1000))","svds",5,0.136270523071289,0.115354537963867,0.14716649055481,0.149615526199341,"0.1154;0.1363;0.1293;0.1421;0.1472",486,"RSpectra nops",NA,NA,NA,15,20,TRUE,1e-06,2.97477558052268e-15,6.07734214439682e-15,2.31787617758961e-08,1.76822835667448e-09,2.31787617758958e-08,1.79856129989275e-14,NA,NA,0,8.19999999999999,1.9,1.9,NA
"20261009-3d7cb0dd-standard","standard","svd_sparse_50000x2000_k20","svd_sparse","core","svd","top",20,NA,NA,"irlba",1,"ok",NA,"irlba(A, nv=20, nu=20, tol=1e-08)","irlba",5,0.919220447540283,0.874364376068115,0.966887474060059,0.915989398956299,"0.8744;0.9192;0.9653;0.9669;0.8959",756,"irlba mprod",NA,NA,NA,108,20,TRUE,1e-06,4.49675378451102e-15,9.18667998571612e-15,1.13265168230514e-07,8.64061179044402e-09,1.13265168230338e-07,2.19824158875781e-14,NA,NA,0.0078125,52.7,1.9,1.84,NA
"20261009-3d7cb0dd-standard","standard","svd_sparse_50000x2000_k20","svd_sparse","core","svd","top",20,NA,NA,"base",1,"skipped","dense svd() skipped: 50000 x 2000",NA,NA,NA,NA,NA,NA,NA,NA,NA,NA,NA,NA,NA,NA,NA,NA,NA,NA,NA,NA,NA,NA,NA,NA,NA,NA,NA,NA,NA,NA
"20261009-3d7cb0dd-standard","standard","svd_sparse_50000x20000_k20","svd_sparse","core","svd","top",20,NA,NA,"eigencore",1,"ok",NA,"svd_partial(A, rank=20, tol=1e-08, seed=104)","native certified implicit Gram SVD (thick-restart Lanczos)",5,1.12980389595032,1.02141189575195,1.18226146697998,1.0698230266571,"1.1298;1.1823;1.1562;1.0401;1.0214",NA,"eigencore work() incomplete (legacy_matvecs=674)",NA,NA,40,334,20,TRUE,1e-06,8.44034280483076e-15,1.7540084591812e-14,2.30031503279816e-09,2.34087000121139e-10,2.30031503279317e-09,1.23666661356854e-11,TRUE,2.34086999317658e-10,0,48.4,2.12,2.35,NA
"20261009-3d7cb0dd-standard","standard","svd_sparse_50000x20000_k20","svd_sparse","core","svd","top",20,NA,NA,"RSpectra",1,"ok",NA,"svds(A, k=20, opts=list(tol=1e-08, maxitr=1000))","svds",5,0.749836683273315,0.717023372650146,0.750944852828979,0.779350757598877,"0.7509;0.7209;0.7170;0.7498;0.7504",602,"RSpectra nops",NA,NA,NA,20,20,TRUE,1e-06,6.00202155010188e-15,1.24729490430663e-14,7.0014991896324e-08,7.12493688161471e-09,7.00149918963239e-08,2.1316282072803e-14,NA,NA,0,11.1,2.35,2.24,NA
"20261009-3d7cb0dd-standard","standard","svd_sparse_50000x20000_k20","svd_sparse","core","svd","top",20,NA,NA,"irlba",1,"ok",NA,"irlba(A, nv=20, nu=20, tol=1e-08)","irlba",5,2.21611499786377,2.13569307327271,2.51140737533569,2.2344172000885,"2.1357;2.2161;2.5114;2.3361;2.2145",1096,"irlba mprod",NA,NA,NA,166,20,TRUE,1e-06,1.00346297790766e-14,2.08532116813765e-14,8.02865929364126e-08,8.17020600329266e-09,8.02865929362354e-08,2.02060590481778e-14,NA,NA,0,66.4,2.24,2.04,NA
"20261009-3d7cb0dd-standard","standard","svd_sparse_50000x20000_k20","svd_sparse","core","svd","top",20,NA,NA,"base",1,"skipped","dense svd() skipped: 50000 x 20000",NA,NA,NA,NA,NA,NA,NA,NA,NA,NA,NA,NA,NA,NA,NA,NA,NA,NA,NA,NA,NA,NA,NA,NA,NA,NA,NA,NA,NA,NA
"20261009-3d7cb0dd-standard","standard","dense_sym_n1500_LA_k10","dense_sym","core","sym","LA",10,NA,NA,"eigencore",1,"ok",NA,"eig_partial(A, k=10, target=largest(), tol=1e-08, seed=105)","native scalar thick-restart Hermitian Lanczos",5,0.197808504104614,0.167705774307251,0.200929403305054,0.169440507888794,"0.1677;0.2009;0.1986;0.1978;0.1756",182,"eigencore work(): operator_columns + adjoint_columns",182,0,10,162,10,TRUE,1e-06,5.4448639198538e-15,1.10553719014956e-14,4.67453316082369e-08,6.0658594384852e-09,NA,1.06321201842619e-14,TRUE,6.06585946177722e-09,0.08203125,2.90000000000001,1.96,1.96,NA
"20261009-3d7cb0dd-standard","standard","dense_sym_n1500_LA_k10","dense_sym","core","sym","LA",10,NA,NA,"RSpectra",1,"ok",NA,"eigs_sym(A, k=10, which=""LA"", opts=list(tol=1e-08, maxitr=1000))","eigs_sym",5,0.0744667053222656,0.0715665817260742,0.0783486366271973,0.0851218700408936,"0.0716;0.0755;0.0733;0.0783;0.0745",169,"RSpectra nops",NA,NA,NA,19,10,TRUE,1e-06,5.50217827690489e-15,1.11717442373008e-14,9.31647038167939e-09,1.2104259282514e-09,NA,6.66133814775094e-15,NA,NA,0,0.199999999999989,1.96,1.96,NA
"20261009-3d7cb0dd-standard","standard","dense_sym_n1500_LA_k10","dense_sym","core","sym","LA",10,NA,NA,"base",1,"ok",NA,"eigen(as.matrix(A), symmetric=TRUE) then select","LAPACK",5,0.682218074798584,0.659302949905396,0.719165086746216,0.683094024658203,"0.7192;0.6593;0.6762;0.6822;0.7160",NA,NA,NA,NA,NA,NA,10,TRUE,1e-06,5.27292084870052e-15,1.07062548940799e-14,6.3624197207704e-15,8.18617280948477e-16,NA,3.63910290790415e-14,NA,NA,0,60.5,1.96,1.88,NA
"20261009-3d7cb0dd-standard","standard","eig_full_n1500_vectors","eig_full","core","full","all",1500,NA,NA,"eigencore",1,"ok",NA,"eig_full(A, vectors=TRUE)","native dense Hermitian LAPACK fallback",5,0.857949256896973,0.827486991882324,0.999325513839722,0.859418630599976,"0.8275;0.8632;0.8579;0.9993;0.8484",NA,NA,NA,NA,NA,NA,1500,TRUE,1e-10,5.4448639198538e-15,1.71972799936486e-08,1.26984426294481e-14,2.04042497499222e-15,NA,4.54691839735233e-13,TRUE,NA,0,78.5,1.81,1.75,NA
"20261009-3d7cb0dd-standard","standard","eig_full_n1500_vectors","eig_full","core","full","all",1500,NA,NA,"base",1,"ok",NA,"eigen(A, symmetric=TRUE, only.values=FALSE)","LAPACK",5,0.699644088745117,0.677105665206909,0.7881178855896,0.689517736434937,"0.6996;0.6771;0.6825;0.7881;0.7039",NA,NA,NA,NA,NA,NA,1500,TRUE,1e-10,5.27292084870052e-15,1.3072688451207e-08,1.1950110037389e-14,1.75400685215707e-15,NA,5.16477485779099e-13,NA,NA,0,60.7,1.75,1.69,NA
"20261009-3d7cb0dd-standard","standard","eig_full_n1500_values","eig_full","core","full","all",1500,NA,NA,"eigencore",1,"ok",NA,"eig_full(A, vectors=FALSE)","native dense Hermitian LAPACK fallback",5,0.327523469924927,0.306415796279907,0.330012083053589,0.363744735717773,"0.3289;0.3275;0.3064;0.3094;0.3300",NA,NA,NA,NA,NA,NA,1500,TRUE,1e-10,5.50217827690489e-15,1.88701915418417e-08,NA,NA,NA,NA,NA,NA,0,26.4,1.69,1.63,NA
"20261009-3d7cb0dd-standard","standard","eig_full_n1500_values","eig_full","core","full","all",1500,NA,NA,"base",1,"ok",NA,"eigen(A, symmetric=TRUE, only.values=TRUE)","LAPACK",5,0.348777532577515,0.344732284545898,0.367216825485229,0.346647024154663,"0.3447;0.3488;0.3672;0.3459;0.3511",NA,NA,NA,NA,NA,NA,1500,TRUE,1e-10,0,0,NA,NA,NA,NA,NA,NA,0,26.4,1.63,1.66,NA
"20261009-3d7cb0dd-standard","standard","shift_invert_lap2d_g100_sigma4.01_k6","shift_invert","core","sym","near",6,NA,NA,"eigencore",1,"ok",NA,"eig_partial(A, k=6, target=nearest(4.01), tol=1e-08, seed=106)","native thick-restart Hermitian Lanczos shift-invert (sparse LU solve callback)",5,0.971002817153931,0.840036392211914,1.04176330566406,1.00293397903442,"0.9010;1.0418;0.9710;0.9896;0.8400",45,"eigencore work(): operator_columns + adjoint_columns",45,0,6,43,6,TRUE,1e-06,7.39732953507974e-17,2.21563874173252e-16,2.59050118493649e-15,2.15701520518837e-16,NA,6.66133814775094e-16,TRUE,3.05349413224916e-16,0,90.1,1.66,1.69,NA
"20261009-3d7cb0dd-standard","standard","shift_invert_lap2d_g100_sigma4.01_k6","shift_invert","core","sym","near",6,NA,NA,"RSpectra",1,"ok",NA,"eigs_sym(A, k=6, which=""LM"", sigma=4.01, opts=list(tol=1e-08, maxitr=1000))","eigs_sym shift-invert (sparse LU)",5,0.0408172607421875,0.0367248058319092,0.0458660125732422,0.0404989719390869,"0.0408;0.0459;0.0411;0.0405;0.0367",41,"RSpectra nops",NA,NA,NA,3,6,TRUE,1e-06,8.87679544209569e-16,2.65876649007902e-15,7.6423368508981e-13,6.36349324463355e-14,NA,4.66293670342566e-15,NA,NA,0.0625,0.599999999999994,1.69,1.69,NA
"20261009-3d7cb0dd-standard","standard","shift_invert_lap2d_g100_sigma4.01_k6","shift_invert","core","sym","near",6,NA,NA,"base",1,"skipped","dense eigen() skipped: n=10000 > 4000",NA,NA,NA,NA,NA,NA,NA,NA,NA,NA,NA,NA,NA,NA,NA,NA,NA,NA,NA,NA,NA,NA,NA,NA,NA,NA,NA,NA,NA,NA
"20261009-3d7cb0dd-standard","standard","generalized_fem2d_g50_SA_k6","generalized","core","gen","SA",6,NA,NA,"eigencore",1,"ok",NA,"eig_partial(A, k=6, target=smallest(), B=B, tol=1e-08, seed=107)","native generalized SPD LOBPCG (B-orthogonal, residual certified)",5,0.181702613830566,0.168770313262939,0.189789056777954,0.182668209075928,"0.1817;0.1898;0.1766;0.1688;0.1869",NA,"eigencore work() incomplete (legacy_matvecs=178)",1068,0,24,167,6,TRUE,1e-06,1.22159298520846e-15,1.39924167076149e-13,3.25900866755251e-08,8.08096916900152e-09,NA,1.11022302462516e-15,TRUE,8.11007249790541e-09,0.1171875,40.9,1.69,1.71,NA
"20261009-3d7cb0dd-standard","standard","generalized_fem2d_g50_SA_k6","generalized","core","gen","SA",6,NA,NA,"RSpectra",1,"ok",NA,"R <- chol(B); eigs_sym(function(y) R^-T A R^-1 y, k=6, which=""SA"", opts=list(tol=1e-08, maxitr=1000))","eigs_sym on chol-transformed operator",5,0.68561315536499,0.469766855239868,0.715457439422607,0.54843807220459,"0.7155;0.6986;0.6856;0.6416;0.4698",1042,"RSpectra nops",NA,NA,NA,93,6,TRUE,1e-06,2.27522545264223e-13,3.06017441430795e-11,2.41887724289484e-10,5.9977970043612e-11,NA,1.19015908239817e-13,NA,NA,0,115.8,1.71,1.98,NA
"20261009-3d7cb0dd-standard","standard","generalized_fem2d_g50_SA_k6","generalized","core","gen","SA",6,NA,NA,"base",1,"ok",NA,"R <- chol(B); eigen(R^-T A R^-1, symmetric=TRUE); x = R^-1 y","LAPACK",5,6.6819064617157,6.44385766983032,7.01880550384521,6.99529361724854,"7.0188;6.6278;6.4439;6.6819;6.8438",NA,NA,NA,NA,NA,NA,6,TRUE,1e-06,2.47475317003874e-16,1.30478708850564e-13,8.85769533807175e-15,2.20674650390883e-15,NA,1.33226762955019e-15,NA,NA,145.66796875,239.7,1.98,1.5,NA
"20261009-3d7cb0dd-standard","standard","pca_centered_50000x1000_k10","pca","core","svd","top",10,NA,NA,"eigencore",1,"ok",NA,"svd_partial(center(A), rank=10, tol=1e-08, seed=108)","native matrix-free Golub-Kahan callback cycle + native Ritz extraction (callback boundary)",5,1.30550050735474,1.21774053573608,1.77214741706848,1.34079146385193,"1.7721;1.3208;1.2177;1.3055;1.2810",570,"eigencore work(): operator_columns + adjoint_columns",285,285,107,285,10,TRUE,1e-06,1.8805432297642e-15,3.81387901119449e-15,2.36841016520583e-08,6.18272117337204e-10,2.36841016520187e-08,1.22124532708767e-15,TRUE,6.18272117622671e-10,51.5625,176.8,1.5,1.42,NA
"20261009-3d7cb0dd-standard","standard","pca_centered_50000x1000_k10","pca","core","svd","top",10,NA,NA,"RSpectra",1,"ok",NA,"svds(function(x) A x - 1 (mu'x), Atrans=function(y) A'y - mu sum(y), k=10, opts=list(tol=1e-08))","svds (function operator)",5,0.287559270858765,0.271959543228149,0.289313793182373,0.285576105117798,"0.2893;0.2878;0.2720;0.2848;0.2876",330,"RSpectra nops",NA,NA,NA,20,10,TRUE,1e-06,1.77041159342197e-15,3.55755429807189e-15,2.34511501487767e-07,6.12190931684201e-09,2.34511501487767e-07,7.105427357601e-15,NA,NA,0,118.6,1.42,1.39,NA
"20261009-3d7cb0dd-standard","standard","pca_centered_50000x1000_k10","pca","core","svd","top",10,NA,NA,"irlba",1,"ok",NA,"irlba(A, nv=10, nu=10, tol=1e-08, center=colMeans(A))","irlba",5,0.508083820343018,0.454880952835083,0.528840065002441,0.468388080596924,"0.5081;0.4549;0.4719;0.5093;0.5288",390,"irlba mprod",NA,NA,NA,49,10,TRUE,1e-06,4.03961505561922e-15,8.18523974901637e-15,3.60693041252959e-07,9.41587118652152e-09,3.60693041252701e-07,1.68753899743024e-14,NA,NA,0,29.7,1.39,1.36,NA
"20261009-3d7cb0dd-standard","standard","pca_centered_50000x1000_k10","pca","core","svd","top",10,NA,NA,"base",1,"skipped","dense svd() skipped: 50000 x 1000",NA,NA,NA,NA,NA,NA,NA,NA,NA,NA,NA,NA,NA,NA,NA,NA,NA,NA,NA,NA,NA,NA,NA,NA,NA,NA,NA,NA,NA,NA
"20261009-3d7cb0dd-standard","standard","banded_lap1d_n20000_SA_k8","banded","core","sym","SA",8,NA,NA,"eigencore",1,"ok",NA,"eig_partial(A, k=8, target=smallest(), tol=1e-08, seed=109)","native tridiagonal Hermitian shift-invert (factorized Lanczos)",5,0.0557141304016113,0.0516426563262939,0.0648870468139648,0.0565907955169678,"0.0546;0.0516;0.0557;0.0570;0.0649",39,"eigencore work(): operator_columns + adjoint_columns",39,0,8,23,8,TRUE,9.25182198312499e-09,2.77804776810959e-17,1.55339519843924e-09,4.64892375391214e-10,1.16223048686227e-10,NA,6.36697725792112e-16,TRUE,1.89791395160708e-10,0.0625,32,1.36,1.36,NA
"20261009-3d7cb0dd-standard","standard","banded_lap1d_n20000_SA_k8","banded","core","sym","SA",8,NA,NA,"RSpectra",1,"ok",NA,"eigs_sym(A, k=8, which=""SA"", opts=list(tol=1e-08, maxitr=1000))","eigs_sym",5,6.59496760368347,6.5443811416626,7.21598601341248,6.78105115890503,"6.5586;6.5444;6.7418;7.2160;6.5950",12020,"RSpectra nops",NA,NA,NA,1001,0,FALSE,NA,NA,NA,NA,NA,NA,NA,NA,NA,0.0625,0.0999999999999943,1.36,1.67,"only 0 eigenvalue(s) converged, less than k = 8"
"20261009-3d7cb0dd-standard","standard","banded_lap1d_n20000_SA_k8","banded","core","sym","SA",8,NA,NA,"base",1,"skipped","dense eigen() skipped: n=20000 > 4000",NA,NA,NA,NA,NA,NA,NA,NA,NA,NA,NA,NA,NA,NA,NA,NA,NA,NA,NA,NA,NA,NA,NA,NA,NA,NA,NA,NA,NA,NA
"20261009-3d7cb0dd-standard","standard","laplacian2d_g150_SA_k10","laplacian2d","core","sym","SA",10,NA,NA,"eigencore",1,"ok",NA,"eig_partial(A, k=10, target=smallest(), tol=1e-08, seed=110)","native scalar thick-restart Hermitian Lanczos",5,1.19565415382385,1.13056612014771,1.32108736038208,1.29696464538574,"1.3211;1.1957;1.1784;1.2560;1.1306",1214,"eigencore work(): operator_columns + adjoint_columns",1214,0,326,1168,10,FALSE,1e-06,1.18300320329851e-15,2.18799536333201e-12,4.36478312751287e-08,5.45361911594991e-09,NA,9.32587340685131e-15,TRUE,9.75051703796827e-09,0,36,1.7,1.72,NA
"20261009-3d7cb0dd-standard","standard","laplacian2d_g150_SA_k10","laplacian2d","core","sym","SA",10,NA,NA,"RSpectra",1,"ok",NA,"eigs_sym(A, k=10, which=""SA"", opts=list(tol=1e-08, maxitr=1000))","eigs_sym",5,6.6788866519928,6.22624254226685,6.7313859462738,6.63843750953674,"6.7200;6.7314;6.6567;6.2262;6.6789",6488,"RSpectra nops",NA,NA,NA,1001,9,FALSE,1e-06,3.12690093211177e-13,1.02970866436126e-09,2.50361592573031e-12,3.12816634244641e-13,NA,1.06492592522045e-12,NA,NA,0,1.69999999999999,1.72,2.27,"only 9 eigenvalue(s) converged, less than k = 10"
"20261009-3d7cb0dd-standard","standard","laplacian2d_g150_SA_k10","laplacian2d","core","sym","SA",10,NA,NA,"base",1,"skipped","dense eigen() skipped: n=22500 > 4000",NA,NA,NA,NA,NA,NA,NA,NA,NA,NA,NA,NA,NA,NA,NA,NA,NA,NA,NA,NA,NA,NA,NA,NA,NA,NA,NA,NA,NA,NA
"20261009-3d7cb0dd-standard","standard","powerlaw_dense_n2000_LA_k10","powerlaw","core","sym","LA",10,NA,NA,"eigencore",1,"ok",NA,"eig_partial(A, k=10, target=largest(), tol=1e-08, seed=111)","native scalar thick-restart Hermitian Lanczos",5,0.138500928878784,0.128575801849365,0.155487775802612,0.137370586395264,"0.1555;0.1286;0.1296;0.1385;0.1429",66,"eigencore work(): operator_columns + adjoint_columns",66,0,10,49,10,TRUE,1e-06,1.48029736616688e-16,9.71445146547012e-16,4.20049566946489e-16,2.65600942090706e-16,NA,8.88178419700125e-16,TRUE,2.65600942090706e-16,0,3.09999999999997,2.24,2.54,NA
"20261009-3d7cb0dd-standard","standard","powerlaw_dense_n2000_LA_k10","powerlaw","core","sym","LA",10,NA,NA,"RSpectra",1,"ok",NA,"eigs_sym(A, k=10, which=""LA"", opts=list(tol=1e-08, maxitr=1000))","eigs_sym",5,0.0309326648712158,0.0302605628967285,0.0325868129730225,0.035146951675415,"0.0326;0.0303;0.0310;0.0309;0.0303",40,"RSpectra nops",NA,NA,NA,4,10,TRUE,1e-06,1.29063426612674e-15,5.16253706450698e-15,8.45672777739165e-13,7.68793434308332e-13,NA,5.77315972805081e-15,NA,NA,0,0.199999999999989,2.54,2.54,NA
"20261009-3d7cb0dd-standard","standard","powerlaw_dense_n2000_LA_k10","powerlaw","core","sym","LA",10,NA,NA,"base",1,"ok",NA,"eigen(as.matrix(A), symmetric=TRUE) then select","LAPACK",5,1.42244577407837,1.34424567222595,1.47408103942871,1.35770893096924,"1.4532;1.4224;1.3442;1.3845;1.4741",NA,NA,NA,NA,NA,NA,10,TRUE,1e-06,1.66533453693773e-16,5.82867087928207e-16,7.63331254498246e-16,3.81665627249123e-16,NA,2.41516875942871e-15,NA,NA,0,107.5,2.54,2.31,NA
"20261009-3d7cb0dd-standard","standard","clustered_dense_n2000_LA_k10","clustered","core","sym","LA",10,NA,NA,"eigencore",1,"ok",NA,"eig_partial(A, k=10, target=largest(), tol=1e-08, seed=112)","native scalar thick-restart Hermitian Lanczos",5,0.244182586669922,0.235387802124023,0.247927665710449,0.247077465057373,"0.2380;0.2354;0.2466;0.2442;0.2479",141,"eigencore work(): operator_columns + adjoint_columns",141,0,10,122,10,TRUE,2.49999999979433e-07,4.31753398465339e-16,9.71445146547012e-16,3.15964240788049e-11,1.57982120394025e-11,NA,1.99840144432528e-15,TRUE,1.57982120394025e-11,0,3.19999999999999,2.28,2.28,NA
"20261009-3d7cb0dd-standard","standard","clustered_dense_n2000_LA_k10","clustered","core","sym","LA",10,NA,NA,"RSpectra",1,"ok",NA,"eigs_sym(A, k=10, which=""LA"", opts=list(tol=1e-08, maxitr=1000))","eigs_sym",5,0.104314565658569,0.0996682643890381,0.115104675292969,0.0968754291534424,"0.1128;0.1151;0.1043;0.0997;0.0997",127,"RSpectra nops",NA,NA,NA,16,10,TRUE,2.49999999979433e-07,2.04514767694108e-15,4.31753398465339e-15,1.60237023649359e-10,8.01185118246797e-11,NA,1.02140518265514e-14,NA,NA,0,0.199999999999989,2.26,2.26,NA
"20261009-3d7cb0dd-standard","standard","clustered_dense_n2000_LA_k10","clustered","core","sym","LA",10,NA,NA,"base",1,"ok",NA,"eigen(as.matrix(A), symmetric=TRUE) then select","LAPACK",5,1.83933758735657,1.63977003097534,1.96359205245972,1.78717231750488,"1.9636;1.8743;1.6398;1.8393;1.7836",NA,NA,NA,NA,NA,NA,10,TRUE,2.49999999979433e-07,1.38778086245274e-15,2.77556588826056e-15,2.7579477436462e-15,1.37897594028701e-15,NA,5.89632509484517e-15,NA,NA,30.39453125,107.5,2.26,2.06,NA
"20261009-3d7cb0dd-standard","standard","lowrank_noise_5000x500_k10","lowrank","core","svd","top",10,NA,NA,"eigencore",1,"ok",NA,"svd_partial(A, rank=10, tol=1e-08, seed=113)","native certified Gram SVD special case",5,0.0668253898620605,0.0654280185699463,0.0683927536010742,0.0683403015136719,"0.0654;0.0684;0.0670;0.0663;0.0668",NA,"eigencore work() incomplete (legacy_matvecs=2)",NA,NA,20,1,10,TRUE,1e-06,1.24486392460299e-16,4.19350509373313e-16,9.92371540724492e-15,9.89056770267896e-16,9.81340427825084e-15,6.66133814775094e-16,TRUE,9.99379840241986e-16,0,7.80000000000001,2.06,2.06,NA
"20261009-3d7cb0dd-standard","standard","lowrank_noise_5000x500_k10","lowrank","core","svd","top",10,NA,NA,"RSpectra",1,"ok",NA,"svds(A, k=10, opts=list(tol=1e-08, maxitr=1000))","svds",5,0.0461819171905518,0.0423572063446045,0.046910285949707,0.0427794456481934,"0.0424;0.0469;0.0462;0.0427;0.0464",52,"RSpectra nops",NA,NA,NA,1,10,TRUE,1e-06,3.85852460627954e-16,1.17941464434548e-15,3.78763060318143e-13,3.77497896464819e-14,3.78760720769787e-13,2.44249065417534e-15,NA,NA,0,0.5,2.06,2.06,NA
"20261009-3d7cb0dd-standard","standard","lowrank_noise_5000x500_k10","lowrank","core","svd","top",10,NA,NA,"irlba",1,"ok",NA,"irlba(A, nv=10, nu=10, tol=1e-08)","irlba",5,0.0476200580596924,0.0465552806854248,0.0554618835449219,0.0409839153289795,"0.0466;0.0495;0.0474;0.0555;0.0476",48,"irlba mprod",NA,NA,NA,2,10,TRUE,1e-06,7.71704921255907e-16,1.69552944849302e-15,6.04264301685018e-14,6.02245906988069e-15,5.78541053824728e-14,2.44249065417534e-15,NA,NA,0,3.30000000000001,2.06,2.06,NA
"20261009-3d7cb0dd-standard","standard","lowrank_noise_5000x500_k10","lowrank","core","svd","top",10,NA,NA,"base",1,"ok",NA,"svd(as.matrix(A), nu=10, nv=10)","LAPACK",5,0.355438232421875,0.286800146102905,0.410026550292969,0.326283931732178,"0.3307;0.3866;0.3554;0.4100;0.2868",NA,NA,NA,NA,NA,NA,10,TRUE,1e-06,7.07481065187994e-16,1.64865268886855e-15,9.16470332370536e-14,9.13409091033576e-15,8.7913323736317e-14,1.77635683940025e-15,NA,NA,0,86.4,2.06,2.05,NA
"20261009-3d7cb0dd-standard","standard","sym_sparse_n20000_LA_k10","sym_sparse","core","sym","LA",10,NA,NA,"eigencore",4,"ok",NA,"eig_partial(A, k=10, target=largest(), tol=1e-08, seed=101)","native scalar thick-restart Hermitian Lanczos",5,6.52566528320312,1.30739259719849,7.35464000701904,7.31162619590759,"6.5257;7.3546;7.1079;1.3074;3.9274",268,"eigencore work(): operator_columns + adjoint_columns",268,0,72,246,10,TRUE,1e-06,1.66926360574763e-14,3.52553211577637e-14,1.2003738638817e-07,9.33226495860528e-09,NA,1.96690198308279e-15,TRUE,9.33236837491475e-09,40.125,47.9,2.05,3.28,NA
"20261009-3d7cb0dd-standard","standard","sym_sparse_n20000_LA_k10","sym_sparse","core","sym","LA",10,NA,NA,"RSpectra",4,"ok",NA,"eigs_sym(A, k=10, which=""LA"", opts=list(tol=1e-08, maxitr=1000))","eigs_sym",5,0.266592741012573,0.231645345687866,0.276949882507324,0.212830781936646,"0.2624;0.2769;0.2693;0.2666;0.2316",230,"RSpectra nops",NA,NA,NA,28,10,TRUE,1e-06,1.61996046127407e-14,3.42140247522601e-14,2.98005348111918e-08,2.3903756367181e-09,NA,1.04360964314765e-14,NA,NA,0.48828125,2.7,3.28,3.17,NA
"20261009-3d7cb0dd-standard","standard","sym_sparse_n20000_LA_k10","sym_sparse","core","sym","LA",10,NA,NA,"base",4,"skipped","dense eigen() skipped: n=20000 > 4000",NA,NA,NA,NA,NA,NA,NA,NA,NA,NA,NA,NA,NA,NA,NA,NA,NA,NA,NA,NA,NA,NA,NA,NA,NA,NA,NA,NA,NA,NA
"20261009-3d7cb0dd-standard","standard","sym_sparse_n20000_SA_k10","sym_sparse","core","sym","SA",10,NA,NA,"eigencore",4,"ok",NA,"eig_partial(A, k=10, target=smallest(), tol=1e-08, seed=101)","native scalar thick-restart Hermitian Lanczos",5,0.312450647354126,0.233309030532837,5.02677989006042,2.65655994415283,"0.2718;0.3125;0.2333;0.3423;5.0268",305,"eigencore work(): operator_columns + adjoint_columns",305,0,85,282,10,TRUE,1e-06,9.95204393229405e-15,2.09040628835838e-14,6.54217788757854e-08,5.1813304923883e-09,NA,7.105427357601e-15,TRUE,5.18133049238832e-09,2.66796875,30.9,3.17,3.45,NA
"20261009-3d7cb0dd-standard","standard","sym_sparse_n20000_SA_k10","sym_sparse","core","sym","SA",10,NA,NA,"RSpectra",4,"ok",NA,"eigs_sym(A, k=10, which=""SA"", opts=list(tol=1e-08, maxitr=1000))","eigs_sym",5,0.221495389938354,0.219838619232178,0.249344110488892,0.215330600738525,"0.2288;0.2493;0.2206;0.2198;0.2215",236,"RSpectra nops",NA,NA,NA,29,10,TRUE,1e-06,7.39549553190366e-15,1.56195525182562e-14,5.54308335730843e-08,4.44624877138807e-09,NA,1.28785870856518e-14,NA,NA,0,1.70000000000002,3.45,3.34,NA
"20261009-3d7cb0dd-standard","standard","sym_sparse_n20000_SA_k10","sym_sparse","core","sym","SA",10,NA,NA,"base",4,"skipped","dense eigen() skipped: n=20000 > 4000",NA,NA,NA,NA,NA,NA,NA,NA,NA,NA,NA,NA,NA,NA,NA,NA,NA,NA,NA,NA,NA,NA,NA,NA,NA,NA,NA,NA,NA,NA
"20261009-3d7cb0dd-standard","standard","nonsym_sparse_n20000_LM_k6","nonsym_sparse","core","nonsym","LM",6,NA,NA,"eigencore",4,"ok",NA,"eig_partial(A, k=6, target=largest_magnitude(), tol=1e-08, seed=102, left_vectors=""none"")","native Arnoldi cycle + native refined Ritz extraction (V2 tranche)",5,9.69598388671875,3.43395304679871,43.3803446292877,3.52321863174438,"43.3803;36.7382;9.6960;3.4340;6.5135",6576,"eigencore work(): operator_columns + adjoint_columns",6576,0,12,546,6,FALSE,1e-06,7.38122939131336e-11,2.7938375796117e-10,2.21499296725422e-08,2.62737137142257e-09,NA,NA,TRUE,2.79498409509919e-09,23.91015625,73.2,3.34,5.64,NA
"20261009-3d7cb0dd-standard","standard","nonsym_sparse_n20000_LM_k6","nonsym_sparse","core","nonsym","LM",6,NA,NA,"RSpectra",4,"ok",NA,"eigs(A, k=6, which=""LM"", opts=list(tol=1e-08, maxitr=1000))","eigs",5,2.21885991096497,1.94483828544617,2.5289204120636,2.09852576255798,"2.2189;2.5289;2.3639;1.9448;2.2026",3947,"RSpectra nops",NA,NA,NA,310,6,FALSE,1e-06,0.0819701146119018,0.310081582912689,2.21335343445472e-08,2.62676417905931e-09,NA,NA,NA,NA,0,2.2,5.64,5.15,NA
"20261009-3d7cb0dd-standard","standard","nonsym_sparse_n20000_LM_k6","nonsym_sparse","core","nonsym","LM",6,NA,NA,"base",4,"skipped","dense eigen() skipped: n=20000 > 2000",NA,NA,NA,NA,NA,NA,NA,NA,NA,NA,NA,NA,NA,NA,NA,NA,NA,NA,NA,NA,NA,NA,NA,NA,NA,NA,NA,NA,NA,NA
"20261009-3d7cb0dd-standard","standard","svd_sparse_50000x2000_k20","svd_sparse","core","svd","top",20,NA,NA,"eigencore",4,"ok",NA,"svd_partial(A, rank=20, tol=1e-08, seed=103)","native certified implicit Gram SVD (thick-restart Lanczos)",5,8.95575094223022,4.90781688690186,11.8144340515137,11.5961239337921,"11.8144;9.6988;8.7249;8.9558;4.9078",NA,"eigencore work() incomplete (legacy_matvecs=456)",NA,NA,40,226,20,TRUE,1e-06,3.25149889033874e-15,6.64267629736396e-15,1.08232464487354e-08,8.25668405714066e-10,1.08232464487351e-08,1.53128459348326e-10,TRUE,8.25668406236112e-10,46.328125,43,5.15,6.57,NA
"20261009-3d7cb0dd-standard","standard","svd_sparse_50000x2000_k20","svd_sparse","core","svd","top",20,NA,NA,"RSpectra",4,"ok",NA,"svds(A, k=20, opts=list(tol=1e-08, maxitr=1000))","svds",5,0.131818056106567,0.123213291168213,0.172989368438721,0.131258249282837,"0.1232;0.1369;0.1730;0.1318;0.1306",486,"RSpectra nops",NA,NA,NA,15,20,TRUE,1e-06,2.97477558052268e-15,6.07734214439682e-15,2.31787617758961e-08,1.76822835667448e-09,2.31787617758958e-08,1.79856129989275e-14,NA,NA,0,8.19999999999999,6.57,6.21,NA
"20261009-3d7cb0dd-standard","standard","svd_sparse_50000x2000_k20","svd_sparse","core","svd","top",20,NA,NA,"irlba",4,"ok",NA,"irlba(A, nv=20, nu=20, tol=1e-08)","irlba",5,0.779915809631348,0.728448390960693,0.812437057495117,0.690777540206909,"0.7799;0.7848;0.8124;0.7429;0.7284",756,"irlba mprod",NA,NA,NA,108,20,TRUE,1e-06,7.18155638091036e-15,1.45000073040024e-14,1.1326516132006e-07,8.64061126326912e-09,1.13265161319841e-07,1.3988810110277e-14,NA,NA,34.80859375,52.8,6.21,6.11,NA
"20261009-3d7cb0dd-standard","standard","svd_sparse_50000x2000_k20","svd_sparse","core","svd","top",20,NA,NA,"base",4,"skipped","dense svd() skipped: 50000 x 2000",NA,NA,NA,NA,NA,NA,NA,NA,NA,NA,NA,NA,NA,NA,NA,NA,NA,NA,NA,NA,NA,NA,NA,NA,NA,NA,NA,NA,NA,NA
"20261009-3d7cb0dd-standard","standard","svd_sparse_50000x20000_k20","svd_sparse","core","svd","top",20,NA,NA,"eigencore",4,"ok",NA,"svd_partial(A, rank=20, tol=1e-08, seed=104)","native certified implicit Gram SVD (thick-restart Lanczos)",5,13.8757216930389,9.49349331855774,14.5859344005585,13.9377739429474,"12.6916;13.8757;9.4935;14.0576;14.5859",NA,"eigencore work() incomplete (legacy_matvecs=674)",NA,NA,40,334,20,TRUE,1e-06,8.25277963139008e-15,1.71503049342162e-14,2.30031486150961e-09,2.34086982690299e-10,2.30031486150925e-09,1.23665711731277e-11,TRUE,2.34086986621558e-10,83.45703125,48.3,6.11,5.67,NA
"20261009-3d7cb0dd-standard","standard","svd_sparse_50000x20000_k20","svd_sparse","core","svd","top",20,NA,NA,"RSpectra",4,"ok",NA,"svds(A, k=20, opts=list(tol=1e-08, maxitr=1000))","svds",5,0.761584997177124,0.726154088973999,0.795249462127686,0.748537063598633,"0.7262;0.7423;0.7924;0.7952;0.7616",602,"RSpectra nops",NA,NA,NA,20,20,TRUE,1e-06,6.00202155010188e-15,1.24729490430663e-14,7.0014991896324e-08,7.12493688161471e-09,7.00149918963239e-08,2.1316282072803e-14,NA,NA,10.55859375,11.1,5.67,5.37,NA
"20261009-3d7cb0dd-standard","standard","svd_sparse_50000x20000_k20","svd_sparse","core","svd","top",20,NA,NA,"irlba",4,"ok",NA,"irlba(A, nv=20, nu=20, tol=1e-08)","irlba",5,2.45324897766113,1.8870370388031,2.74427795410156,2.19063973426819,"1.8870;2.0288;2.4532;2.5934;2.7443",1096,"irlba mprod",NA,NA,NA,166,20,TRUE,1e-06,9.12727920493906e-15,1.88277813187312e-14,8.02865908795275e-08,8.17020579397782e-09,8.02865908792883e-08,2.28705943072782e-14,NA,NA,38.40625,60.3,5.37,5.53,NA
"20261009-3d7cb0dd-standard","standard","svd_sparse_50000x20000_k20","svd_sparse","core","svd","top",20,NA,NA,"base",4,"skipped","dense svd() skipped: 50000 x 20000",NA,NA,NA,NA,NA,NA,NA,NA,NA,NA,NA,NA,NA,NA,NA,NA,NA,NA,NA,NA,NA,NA,NA,NA,NA,NA,NA,NA,NA,NA
"20261009-3d7cb0dd-standard","standard","dense_sym_n1500_LA_k10","dense_sym","core","sym","LA",10,NA,NA,"eigencore",4,"ok",NA,"eig_partial(A, k=10, target=largest(), tol=1e-08, seed=105)","native scalar thick-restart Hermitian Lanczos",5,0.186370372772217,0.13261866569519,0.203459501266479,0.141583919525146,"0.1864;0.1631;0.2022;0.1326;0.2035",182,"eigencore work(): operator_columns + adjoint_columns",182,0,10,162,10,TRUE,1e-06,5.15829213459833e-15,1.04735102224695e-14,5.06172157882044e-08,6.56829047041394e-09,NA,3.63164359695745e-15,TRUE,6.56829049563522e-09,0.5390625,2.90000000000001,5.53,5.49,NA
"20261009-3d7cb0dd-standard","standard","dense_sym_n1500_LA_k10","dense_sym","core","sym","LA",10,NA,NA,"RSpectra",4,"ok",NA,"eigs_sym(A, k=10, which=""LA"", opts=list(tol=1e-08, maxitr=1000))","eigs_sym",5,0.0679621696472168,0.0437672138214111,0.0842893123626709,0.0553493499755859,"0.0843;0.0621;0.0680;0.0438;0.0685",169,"RSpectra nops",NA,NA,NA,19,10,TRUE,1e-06,4.98634906344506e-15,1.01243932150539e-14,9.31647063664719e-09,1.21042596137764e-09,NA,7.7715611723761e-15,NA,NA,0,0.199999999999989,5.49,5.49,NA
"20261009-3d7cb0dd-standard","standard","dense_sym_n1500_LA_k10","dense_sym","core","sym","LA",10,NA,NA,"base",4,"ok",NA,"eigen(as.matrix(A), symmetric=TRUE) then select","LAPACK",5,0.596001148223877,0.548259973526001,0.978293657302856,0.587881326675415,"0.5614;0.5960;0.9783;0.6386;0.5483",NA,NA,NA,NA,NA,NA,10,TRUE,1e-06,5.21560649164943e-15,1.05898825582747e-14,6.32923611736086e-15,8.11893669262945e-16,NA,2.09632658454417e-14,NA,NA,0.1015625,60.6,5.49,5.69,NA
"20261009-3d7cb0dd-standard","standard","eig_full_n1500_vectors","eig_full","core","full","all",1500,NA,NA,"eigencore",4,"ok",NA,"eig_full(A, vectors=TRUE)","native dense Hermitian LAPACK fallback",5,0.481240510940552,0.470826148986816,0.51319432258606,0.505964040756226,"0.4708;0.4798;0.4958;0.5132;0.4812",NA,NA,NA,NA,NA,NA,1500,TRUE,1e-10,5.38754956280271e-15,2.83448913887451e-08,1.22450333552821e-14,1.780254314253e-15,NA,8.49592531743104e-13,TRUE,NA,1.19921875,78.6,5.69,5.79,NA
"20261009-3d7cb0dd-standard","standard","eig_full_n1500_vectors","eig_full","core","full","all",1500,NA,NA,"base",4,"ok",NA,"eigen(A, symmetric=TRUE, only.values=FALSE)","LAPACK",5,0.385504245758057,0.377168416976929,0.417396068572998,0.416326999664307,"0.3772;0.3855;0.3798;0.3977;0.4174",NA,NA,NA,NA,NA,NA,1500,TRUE,1e-10,5.21560649164943e-15,2.11782462894091e-08,8.60636656775297e-15,1.23861032470039e-15,NA,7.84625836525166e-13,NA,NA,17.0390625,60.7,5.79,5.65,NA
"20261009-3d7cb0dd-standard","standard","eig_full_n1500_values","eig_full","core","full","all",1500,NA,NA,"eigencore",4,"ok",NA,"eig_full(A, vectors=FALSE)","native dense Hermitian LAPACK fallback",5,0.156812906265259,0.151396989822388,0.170102834701538,0.149693012237549,"0.1514;0.1701;0.1577;0.1568;0.1556",NA,NA,NA,NA,NA,NA,1500,TRUE,1e-10,4.35589113588304e-15,2.48656015257644e-08,NA,NA,NA,NA,NA,NA,0,26.4,5.65,5.65,NA
"20261009-3d7cb0dd-standard","standard","eig_full_n1500_values","eig_full","core","full","all",1500,NA,NA,"base",4,"ok",NA,"eigen(A, symmetric=TRUE, only.values=TRUE)","LAPACK",5,0.139567375183105,0.132672071456909,0.188654899597168,0.163580894470215,"0.1887;0.1367;0.1396;0.1327;0.1596",NA,NA,NA,NA,NA,NA,1500,TRUE,1e-10,2.63646042435026e-15,9.96092615353783e-09,NA,NA,NA,NA,NA,NA,0,26.4,5.65,5.52,NA
"20261009-3d7cb0dd-standard","standard","shift_invert_lap2d_g100_sigma4.01_k6","shift_invert","core","sym","near",6,NA,NA,"eigencore",4,"ok",NA,"eig_partial(A, k=6, target=nearest(4.01), tol=1e-08, seed=106)","native thick-restart Hermitian Lanczos shift-invert (sparse LU solve callback)",5,1.10273146629333,1.03741526603699,1.14817333221436,1.08818006515503,"1.0658;1.1425;1.0374;1.1482;1.1027",45,"eigencore work(): operator_columns + adjoint_columns",45,0,6,43,6,TRUE,1e-06,7.39732953507974e-17,2.21563874173252e-16,2.59050118493649e-15,2.15701520518837e-16,NA,6.66133814775094e-16,TRUE,3.05349413224916e-16,98.34765625,89.3,5.52,5.16,NA
"20261009-3d7cb0dd-standard","standard","shift_invert_lap2d_g100_sigma4.01_k6","shift_invert","core","sym","near",6,NA,NA,"RSpectra",4,"ok",NA,"eigs_sym(A, k=6, which=""LM"", sigma=4.01, opts=list(tol=1e-08, maxitr=1000))","eigs_sym shift-invert (sparse LU)",5,0.0393853187561035,0.0391683578491211,0.0455977916717529,0.0570924282073975,"0.0392;0.0392;0.0394;0.0456;0.0397",41,"RSpectra nops",NA,NA,NA,3,6,TRUE,1e-06,8.87679544209569e-16,2.65876649007902e-15,7.6423368508981e-13,6.36349324463355e-14,NA,4.66293670342566e-15,NA,NA,0.0625,0.600000000000023,5.16,4.82,NA
"20261009-3d7cb0dd-standard","standard","shift_invert_lap2d_g100_sigma4.01_k6","shift_invert","core","sym","near",6,NA,NA,"base",4,"skipped","dense eigen() skipped: n=10000 > 4000",NA,NA,NA,NA,NA,NA,NA,NA,NA,NA,NA,NA,NA,NA,NA,NA,NA,NA,NA,NA,NA,NA,NA,NA,NA,NA,NA,NA,NA,NA
"20261009-3d7cb0dd-standard","standard","generalized_fem2d_g50_SA_k6","generalized","core","gen","SA",6,NA,NA,"eigencore",4,"ok",NA,"eig_partial(A, k=6, target=smallest(), B=B, tol=1e-08, seed=107)","native generalized SPD LOBPCG (B-orthogonal, residual certified)",5,0.187281608581543,0.170806169509888,0.21513557434082,0.178176403045654,"0.1708;0.2151;0.1732;0.1887;0.1873",NA,"eigencore work() incomplete (legacy_matvecs=178)",1068,0,24,167,6,TRUE,1e-06,1.22159298520846e-15,1.39924167076149e-13,3.25900866755251e-08,8.08096916900152e-09,NA,1.11022302462516e-15,TRUE,8.11007249790541e-09,15.01953125,40.8,4.82,4.82,NA
"20261009-3d7cb0dd-standard","standard","generalized_fem2d_g50_SA_k6","generalized","core","gen","SA",6,NA,NA,"RSpectra",4,"ok",NA,"R <- chol(B); eigs_sym(function(y) R^-T A R^-1 y, k=6, which=""SA"", opts=list(tol=1e-08, maxitr=1000))","eigs_sym on chol-transformed operator",5,0.57980751991272,0.568046092987061,0.635020971298218,0.624575853347778,"0.6350;0.5680;0.5724;0.5798;0.6099",1042,"RSpectra nops",NA,NA,NA,93,6,TRUE,1e-06,2.27522545264223e-13,3.06017441430795e-11,2.41887724289484e-10,5.9977970043612e-11,NA,1.19015908239817e-13,NA,NA,32.4296875,115.3,4.82,4.52,NA
"20261009-3d7cb0dd-standard","standard","generalized_fem2d_g50_SA_k6","generalized","core","gen","SA",6,NA,NA,"base",4,"ok",NA,"R <- chol(B); eigen(R^-T A R^-1, symmetric=TRUE); x = R^-1 y","LAPACK",5,4.62430000305176,4.15573573112488,4.95101451873779,5.31754326820374,"4.6977;4.6243;4.9510;4.5669;4.1557",NA,NA,NA,NA,NA,NA,6,TRUE,1e-06,3.75080663064007e-16,5.24428435747889e-14,8.83549480732368e-15,2.20121561333929e-15,NA,1.33226762955019e-15,NA,NA,289.18359375,286.5,4.52,3.69,NA
"20261009-3d7cb0dd-standard","standard","pca_centered_50000x1000_k10","pca","core","svd","top",10,NA,NA,"eigencore",4,"ok",NA,"svd_partial(center(A), rank=10, tol=1e-08, seed=108)","native matrix-free Golub-Kahan callback cycle + native Ritz extraction (callback boundary)",5,1.40815806388855,1.30891132354736,1.54116725921631,1.53076505661011,"1.4082;1.3089;1.3251;1.4112;1.5412",570,"eigencore work(): operator_columns + adjoint_columns",285,285,107,285,10,TRUE,1e-06,1.8805432297642e-15,3.81387901119449e-15,2.36841016520583e-08,6.18272117337204e-10,2.36841016520187e-08,1.22124532708767e-15,TRUE,6.18272117622671e-10,195.765625,176.8,3.69,3.5,NA
"20261009-3d7cb0dd-standard","standard","pca_centered_50000x1000_k10","pca","core","svd","top",10,NA,NA,"RSpectra",4,"ok",NA,"svds(function(x) A x - 1 (mu'x), Atrans=function(y) A'y - mu sum(y), k=10, opts=list(tol=1e-08))","svds (function operator)",5,0.346298456192017,0.320075511932373,0.397556781768799,0.482626676559448,"0.3201;0.3463;0.3448;0.3505;0.3976",330,"RSpectra nops",NA,NA,NA,20,10,TRUE,1e-06,1.77041159342197e-15,3.55755429807189e-15,2.34511501487767e-07,6.12190931684201e-09,2.34511501487767e-07,7.105427357601e-15,NA,NA,69.6171875,97.7,3.5,3.7,NA
"20261009-3d7cb0dd-standard","standard","pca_centered_50000x1000_k10","pca","core","svd","top",10,NA,NA,"irlba",4,"ok",NA,"irlba(A, nv=10, nu=10, tol=1e-08, center=colMeans(A))","irlba",5,0.511252641677856,0.416706800460815,0.642763137817383,0.570855140686035,"0.5113;0.5523;0.4914;0.6428;0.4167",390,"irlba mprod",NA,NA,NA,49,10,TRUE,1e-06,2.53650247678416e-15,5.13956914473121e-15,3.60693052327231e-07,9.41587147561477e-09,3.60693052327074e-07,1.37667655053519e-14,NA,NA,9.4140625,29.7,3.7,3.96,NA
"20261009-3d7cb0dd-standard","standard","pca_centered_50000x1000_k10","pca","core","svd","top",10,NA,NA,"base",4,"skipped","dense svd() skipped: 50000 x 1000",NA,NA,NA,NA,NA,NA,NA,NA,NA,NA,NA,NA,NA,NA,NA,NA,NA,NA,NA,NA,NA,NA,NA,NA,NA,NA,NA,NA,NA,NA
"20261009-3d7cb0dd-standard","standard","banded_lap1d_n20000_SA_k8","banded","core","sym","SA",8,NA,NA,"eigencore",4,"ok",NA,"eig_partial(A, k=8, target=smallest(), tol=1e-08, seed=109)","native tridiagonal Hermitian shift-invert (factorized Lanczos)",5,0.0778505802154541,0.0744287967681885,0.0955736637115479,0.0784244537353516,"0.0779;0.0744;0.0761;0.0956;0.0833",39,"eigencore work(): operator_columns + adjoint_columns",39,0,8,23,8,TRUE,9.25182198312499e-09,2.77812188347648e-17,1.55339560077188e-09,4.64892267554087e-10,1.16223021726956e-10,NA,4.49401800495242e-16,TRUE,1.89791351136414e-10,0.0625,31.9,3.96,3.96,NA
"20261009-3d7cb0dd-standard","standard","banded_lap1d_n20000_SA_k8","banded","core","sym","SA",8,NA,NA,"RSpectra",4,"ok",NA,"eigs_sym(A, k=8, which=""SA"", opts=list(tol=1e-08, maxitr=1000))","eigs_sym",5,6.61544704437256,6.25797009468079,7.31916451454163,7.06059432029724,"6.6154;6.2580;6.7981;7.3192;6.4554",12020,"RSpectra nops",NA,NA,NA,1001,0,FALSE,NA,NA,NA,NA,NA,NA,NA,NA,NA,0.0625,0.100000000000009,3.96,3.97,"only 0 eigenvalue(s) converged, less than k = 8"
"20261009-3d7cb0dd-standard","standard","banded_lap1d_n20000_SA_k8","banded","core","sym","SA",8,NA,NA,"base",4,"skipped","dense eigen() skipped: n=20000 > 4000",NA,NA,NA,NA,NA,NA,NA,NA,NA,NA,NA,NA,NA,NA,NA,NA,NA,NA,NA,NA,NA,NA,NA,NA,NA,NA,NA,NA,NA,NA
"20261009-3d7cb0dd-standard","standard","laplacian2d_g150_SA_k10","laplacian2d","core","sym","SA",10,NA,NA,"eigencore",4,"ok",NA,"eig_partial(A, k=10, target=smallest(), tol=1e-08, seed=110)","native scalar thick-restart Hermitian Lanczos",1,34.012681722641,34.012681722641,34.012681722641,60.2610266208649,"34.0127",1260,"eigencore work(): operator_columns + adjoint_columns",1260,0,330,1213,10,FALSE,1e-06,2.41521046944792e-16,1.3757836809014e-12,2.17598029458781e-08,2.71953400791871e-09,NA,4.44089209850063e-15,TRUE,4.86328655553783e-09,29.57421875,36.1,3.97,8.32,NA
"20261009-3d7cb0dd-standard","standard","laplacian2d_g150_SA_k10","laplacian2d","core","sym","SA",10,NA,NA,"RSpectra",4,"ok",NA,"eigs_sym(A, k=10, which=""SA"", opts=list(tol=1e-08, maxitr=1000))","eigs_sym",5,6.59337425231934,6.30011892318726,6.94410228729248,6.67802715301514,"6.3001;6.9441;6.5934;6.4805;6.7024",6488,"RSpectra nops",NA,NA,NA,1001,9,FALSE,1e-06,3.12690093211177e-13,1.02970866436126e-09,2.50361592573031e-12,3.12816634244641e-13,NA,1.06492592522045e-12,NA,NA,0,1.7,8.32,6.33,"only 9 eigenvalue(s) converged, less than k = 10"
"20261009-3d7cb0dd-standard","standard","laplacian2d_g150_SA_k10","laplacian2d","core","sym","SA",10,NA,NA,"base",4,"skipped","dense eigen() skipped: n=22500 > 4000",NA,NA,NA,NA,NA,NA,NA,NA,NA,NA,NA,NA,NA,NA,NA,NA,NA,NA,NA,NA,NA,NA,NA,NA,NA,NA,NA,NA,NA,NA
"20261009-3d7cb0dd-standard","standard","powerlaw_dense_n2000_LA_k10","powerlaw","core","sym","LA",10,NA,NA,"eigencore",4,"ok",NA,"eig_partial(A, k=10, target=largest(), tol=1e-08, seed=111)","native scalar thick-restart Hermitian Lanczos",5,0.239755630493164,0.134217262268066,0.297470569610596,0.23424220085144,"0.2811;0.2398;0.1460;0.2975;0.1342",66,"eigencore work(): operator_columns + adjoint_columns",66,0,10,49,10,TRUE,1e-06,2.77555756156289e-16,9.71445146547012e-16,7.61038224207019e-16,3.8051911210351e-16,NA,8.88178419700125e-16,TRUE,3.8051911210351e-16,0,3.10000000000002,6.95,6.95,NA
"20261009-3d7cb0dd-standard","standard","powerlaw_dense_n2000_LA_k10","powerlaw","core","sym","LA",10,NA,NA,"RSpectra",4,"ok",NA,"eigs_sym(A, k=10, which=""LA"", opts=list(tol=1e-08, maxitr=1000))","eigs_sym",5,0.0361716747283936,0.0298457145690918,0.0595088005065918,0.0378096103668213,"0.0520;0.0362;0.0339;0.0595;0.0298",40,"RSpectra nops",NA,NA,NA,4,10,TRUE,1e-06,1.29063426612674e-15,5.16253706450698e-15,8.45667888271233e-13,7.68788989337484e-13,NA,6.66133814775094e-15,NA,NA,0,0.299999999999983,6.95,7.11,NA
"20261009-3d7cb0dd-standard","standard","powerlaw_dense_n2000_LA_k10","powerlaw","core","sym","LA",10,NA,NA,"base",4,"ok",NA,"eigen(as.matrix(A), symmetric=TRUE) then select","LAPACK",5,2.07455515861511,1.40980982780457,2.62128186225891,2.35119795799255,"2.6213;2.0746;2.4755;1.4098;1.5973",NA,NA,NA,NA,NA,NA,10,TRUE,1e-06,3.7470027081099e-16,1.49880108324396e-15,8.73148089319811e-16,4.38816343839505e-16,NA,2.13717932240343e-15,NA,NA,60.91015625,107.6,7.11,7.49,NA
"20261009-3d7cb0dd-standard","standard","clustered_dense_n2000_LA_k10","clustered","core","sym","LA",10,NA,NA,"eigencore",4,"ok",NA,"eig_partial(A, k=10, target=largest(), tol=1e-08, seed=112)","native scalar thick-restart Hermitian Lanczos",5,0.236280918121338,0.172206878662109,0.273105382919312,0.224595546722412,"0.2708;0.2731;0.2361;0.1722;0.2363",141,"eigencore work(): operator_columns + adjoint_columns",141,0,10,122,10,TRUE,2.49999999979433e-07,3.60072332310862e-16,7.83686840911875e-16,5.00738570240294e-12,2.50369285120147e-12,NA,1.55431223447522e-15,TRUE,2.50369285120147e-12,0,3.09999999999999,7.13,7.13,NA
"20261009-3d7cb0dd-standard","standard","clustered_dense_n2000_LA_k10","clustered","core","sym","LA",10,NA,NA,"RSpectra",4,"ok",NA,"eigs_sym(A, k=10, which=""LA"", opts=list(tol=1e-08, maxitr=1000))","eigs_sym",5,0.0967338085174561,0.0720522403717041,0.13170599937439,0.148435592651367,"0.1317;0.1077;0.0796;0.0721;0.0967",127,"RSpectra nops",NA,NA,NA,16,10,TRUE,2.49999999979433e-07,2.99760666289792e-15,6.16790569236198e-15,1.93684818176057e-10,9.68424090880283e-11,NA,1.11022302462516e-14,NA,NA,0,0.299999999999983,7.13,6.96,NA
"20261009-3d7cb0dd-standard","standard","clustered_dense_n2000_LA_k10","clustered","core","sym","LA",10,NA,NA,"base",4,"ok",NA,"eigen(as.matrix(A), symmetric=TRUE) then select","LAPACK",5,2.28427410125732,2.01616454124451,3.95001745223999,2.14796781539917,"2.0917;2.0162;2.2843;3.9500;3.5390",NA,NA,NA,NA,NA,NA,10,TRUE,2.49999999979433e-07,1.1657359244603e-15,2.33147534613887e-15,2.41182804098972e-15,1.2059158293686e-15,NA,9.76649316974942e-16,NA,NA,91.4296875,107.6,6.96,7.64,NA
"20261009-3d7cb0dd-standard","standard","lowrank_noise_5000x500_k10","lowrank","core","svd","top",10,NA,NA,"eigencore",4,"ok",NA,"svd_partial(A, rank=10, tol=1e-08, seed=113)","native certified Gram SVD special case",5,0.0812511444091797,0.0766191482543945,0.0825049877166748,0.0784416198730469,"0.0813;0.0825;0.0818;0.0773;0.0766",NA,"eigencore work() incomplete (legacy_matvecs=2)",NA,NA,20,1,10,TRUE,1e-06,2.31601187621525e-16,9.17322501157597e-16,1.26870378271869e-14,1.26446599309601e-15,1.23524651735076e-14,2.22044604925031e-15,TRUE,1.31927872131812e-15,0,7.69999999999999,7.64,7.64,NA
"20261009-3d7cb0dd-standard","standard","lowrank_noise_5000x500_k10","lowrank","core","svd","top",10,NA,NA,"RSpectra",4,"ok",NA,"svds(A, k=10, opts=list(tol=1e-08, maxitr=1000))","svds",5,0.0530221462249756,0.0461356639862061,0.0572705268859863,0.0526998043060303,"0.0473;0.0461;0.0530;0.0573;0.0535",52,"RSpectra nops",NA,NA,NA,1,10,TRUE,1e-06,3.90818126175738e-16,1.44150678753337e-15,3.7886764142548e-13,3.77602128244962e-14,3.78865435527017e-13,1.99840144432528e-15,NA,NA,0,0.5,7.35,7.35,NA
"20261009-3d7cb0dd-standard","standard","lowrank_noise_5000x500_k10","lowrank","core","svd","top",10,NA,NA,"irlba",4,"ok",NA,"irlba(A, nv=10, nu=10, tol=1e-08)","irlba",5,0.0528509616851807,0.0452797412872314,0.0628888607025146,0.0448510646820068,"0.0503;0.0453;0.0536;0.0629;0.0529",48,"irlba mprod",NA,NA,NA,2,10,TRUE,1e-06,5.78778690941931e-16,1.27164708636976e-15,5.67933081973979e-14,5.66036042685573e-15,5.50844994072449e-14,2.66453525910038e-15,NA,NA,0,3.30000000000001,7.35,7.35,NA
"20261009-3d7cb0dd-standard","standard","lowrank_noise_5000x500_k10","lowrank","core","svd","top",10,NA,NA,"base",4,"ok",NA,"svd(as.matrix(A), nu=10, nv=10)","LAPACK",5,0.4091796875,0.261610746383667,0.430511713027954,0.416078567504883,"0.4282;0.4092;0.4305;0.3337;0.2616",NA,NA,NA,NA,NA,NA,10,TRUE,1e-06,4.70854562152803e-16,1.40507373142233e-15,9.57465589333058e-14,9.54267413530464e-15,8.44175324118251e-14,1.99840144432528e-15,NA,NA,0,86.5,7.35,7.56,NA
